Botswana	Weekend Post	The Truth About Jacob and Esau	https://www.weekendpost.co.bw/26002/columns/the-truth-about-jacob-and-esau/
Botswana	Weekend Post	Kenya s forgotten island of natural beauty and culture	https://www.weekendpost.co.bw/23384/weekendlife/kenyaaes-forgotten-island-of-natural-beauty-and-culture/
Botswana	Weekend Post	Latest News - Gaborone	https://www.weekendpost.co.bw/latest-news/page/346/?ihc_ap_menu=overview
Botswana	Weekend Post	Joseph Primed for Egypt	https://www.weekendpost.co.bw/26012/columns/joseph-primed-for-egypt/
Botswana	Weekend Post	spring into summer shape	https://www.weekendpost.co.bw/26014/columns/spring-into-summer-shape/
Botswana	Weekend Post	Staff Writter, Author at Weekend Post - Page 12 of 57	https://www.weekendpost.co.bw/author/staffwritter/page/12/
Burundi	Burundi Africa Generation	Africa : 6 février 2011 [Europe's growing interest in EAC to ...	https://burundi-agnews.org/daily-africa-news/africa-6-fevrier-2011-europes-growing-interest-in-eac-to-boost-integration/
Burundi	Burundi Africa Generation	[Le chef des Frères musulmans en Egypte Mohamed Badie ...	https://burundi-agnews.org/wp-content/uploads/2014/04/bur28042014.pdf
Burundi	Burundi Africa Generation	[CENTRAL African rebels seized control of the capital ...	https://burundi-agnews.org/wp-content/uploads/2013/03/bur25032013.pdf
Burundi	Burundi Africa Generation	Africa : 07 december 2010 [Deux rebelles rwandais ...	https://burundi-agnews.org/daily-africa-news/africa-07-december-2010-deux-rebelles-rwandais-complotent-en-afrique-du-sud-en-vue-de-destabiliser-la-region-des-grands-lacs/
Cameroon	Journal du Cameroun	??La coopération avec la Chine favorise des retombées ...	https://www.journalducameroun.com/la-cooperation-avec-la-chine-favorise-des-retombees-indiscutables-pour-le-cameroun-mais-engendre-des-defis-importants/
Cameroon	Journal du Cameroun	focac –	https://www.journalducameroun.com/tag/focac/
Cameroon	Journal du Cameroun	mbabia –	https://www.journalducameroun.com/tag/mbabia/
Cameroon	Journal du Cameroun	olivier –	https://www.journalducameroun.com/tag/olivier/
Cameroon	Journal du Cameroun	chine –	https://www.journalducameroun.com/tag/chine/page/3/
Cameroon	Journal du Cameroun	??tiquette : - camerounais	https://www.journalducameroun.com/tag/camerounais/page/14/
Cape Verde	A Semana	jogos de carros realistas para android mundo ... - Asemana	https://www.asemana.publ.cv/IMG/video/?88cn63ojg6q.shtml
Cape Verde	A Semana	jogos de feed us pirates - ASemana	https://www.asemana.publ.cv/IMG/video/?app=ixn3.shtml
Cape Verde	A Semana	resultado do jogo de bicho do agreste-sorteio da ... - Asemana	https://www.asemana.publ.cv/IMG/video/?videos=pk1ie64pm.html
Cape Verde	A Semana	modelo de convite para bingo tupperware-resultado loteria de ...	https://www.asemana.publ.cv/IMG/video/?app=y5l8qca.shtml
Cape Verde	A Semana	game slot 777 online-wa state lottery - Asemana	https://www.asemana.publ.cv/IMG/video/?ybf8.html
Cape Verde	A Semana	exemplos jogos cooperativos-sorteio mega sena 2548	https://www.asemana.publ.cv/IMG/video/?app=vxiltkzoxg.shtml
Cape Verde	A Semana	ca??a níqueis com simbolos de cabalo sinos ... - Asemana	https://www.asemana.publ.cv/IMG/video/?app=zvty.shtml
Cape Verde	A Semana	bingo heaven facebook-resultado da lotofácil concurso 2656	https://www.asemana.publ.cv/IMG/video/?patt=9vg3t.shtml
Cape Verde	Criolo Sports	Jugar Tragamonedas Gratis Sin Dinero	http://sportsmidia.cv/wp-content/themes/kingclub-theme/images/pattern/online-casino/jugar-tragamonedas-gratis-sin-dinero.html
Cape Verde	Criolo Sports	Juego Tragamonedas Gratis	http://sportsmidia.cv/wp-content/themes/kingclub-theme/images/pattern/online-casino/juego-tragamonedas-gratis.html
Cape Verde	Criolo Sports	Bonos De Casino Giros Gratis 2020 Sin Depósito	http://sportsmidia.cv/wp-content/themes/kingclub-theme/images/pattern/online-casino/bonos-de-casino-giros-gratis-2020-sin-dep%C3%B3sito.html
Cape Verde	Expresso das Ilhas	1421, o ano em que a China descobriu o Mundo e Cabo ...	https://expressodasilhas.cv/opiniao/2015/05/17/1421-o-ano-em-que-a-china-descobriu-o-mundo-e-cabo-verde-ii/44625
Chad	Al Wihda	Silk Road stories told by Chinese President Xi Jinping	https://www.alwihdainfo.com/Silk-Road-stories-told-by-Chinese-President-Xi-Jinping_a54321.html
Chad	Al Wihda	Belt and Road Initiative casts light to Malacca's rejuvenation	https://www.alwihdainfo.com/Belt-and-Road-Initiative-casts-light-to-Malacca-s-rejuvenation_a54258.html
Chad	Al Wihda	China's Maritime Silk Road port city Quanzhou added to ...	https://www.alwihdainfo.com/China-s-Maritime-Silk-Road-port-city-Quanzhou-added-to-UNESCO-World-Heritage-List_a105789.html
Chad	Al Wihda	Exhibition highlights cultural imprint of Maritime Silk Road	https://www.alwihdainfo.com/Exhibition-highlights-cultural-imprint-of-Maritime-Silk-Road_a124763.html
Chad	Al Wihda	China National Archives of Publications and Culture tells ...	https://www.alwihdainfo.com/China-National-Archives-of-Publications-and-Culture-tells-stories-of-civilization-exchanges_a125429.html
Chad	Al Wihda	Beautiful stories highlight China-Brunei ties	https://www.alwihdainfo.com/Beautiful-stories-highlight-China-Brunei-ties_a68459.html
Chad	Al Wihda	President Xi proclaims Silk Road spirit	https://www.alwihdainfo.com/President-Xi-proclaims-Silk-Road-spirit_a54313.html
Chad	Al Wihda	Xi: Jointly Write a New Chapter of China-Brunei Relations	https://www.alwihdainfo.com/Xi-Jointly-Write-a-New-Chapter-of-China-Brunei-Relations_a68436.html
Chad	Al Wihda	Open up a New Future Together for China-Philippine ...	https://www.alwihdainfo.com/Open-up-a-New-Future-Together-for-China-Philippine-Relations-Xi_a68468.html
Chad	Al Wihda	'Belt and Road' initiative brings peace, prosperity and ...	https://www.alwihdainfo.com/Belt-and-Road-initiative-brings-peace-prosperity-and-development-Cambodian-Princess_a54251.html
Chad	Al Wihda	Xi's visit to usher in a new chapter of China-Brunei relations	https://www.alwihdainfo.com/Xi-s-visit-to-usher-in-a-new-chapter-of-China-Brunei-relations_a68404.html
Chad	Al Wihda	China pavilion features future energy, green Silk Road	https://www.alwihdainfo.com/China-pavilion-features-future-energy-green-Silk-Road_a55098.html
Chad	Al Wihda	Xi's Bangladeshi visit to inject new impetus into 'Belt and ...	https://www.alwihdainfo.com/Xi-s-Bangladeshi-visit-to-inject-new-impetus-into-Belt-and-Road-initiative-diplomat_a42642.html
Chad	Al Wihda	China, Arab states drawing blueprint for future development	https://www.alwihdainfo.com/China-Arab-states-drawing-blueprint-for-future-development_a119724.html
Chad	Al Wihda	L'Institut Confucius de l'Université de N'Djamena célèbre la ...	https://www.alwihdainfo.com/L-Institut-Confucius-de-l-Universite-de-N-Djamena-celebre-la-fete-nationale-chinoise_a126547.html
Comoros	HabariZaComores	?? Les Comores n'ont pas montré plus d'ambitions ?? envers ...	https://www.habarizacomores.com/2016/12/les-comores-nont-pas-montre-plus.html
Congo	mediacongo.net	Les cartes anciennes du continent africain présentent des ...	https://www.mediacongo.net/article-actualite-36779_les_cartes_anciennes_du_continent_africain_presentent_des_traces_parfois_etonnants.html
Djibouti	AgenceDjiboutienned'Information	La quatri??¨me flotte de la marine chinoise fait escale ?? ...	https://www.adi.dj/index.php/site/Plus/1239
Egypt	AlAhram	46 ?????????? ???????? ???????? ???????????? ???? ?????????????????? ???????????? 2 ?????????? ??400 ?????? ????	https://gate.ahram.org.eg/News/852630.aspx
Egypt	AlAhram	????????: ???????? ???????????? ???????? ???????? ?????? ?????????? ???????????????? ??????????????	http://gate.ahram.org.eg/News/1579458.aspx
Egypt	AlMal	???????? 46 ?????????? ???????? ????????????	https://almalnews.com/%D8%B9%D8%A8%D9%88%D8%B1-46-%D8%B3%D9%81%D9%8A%D9%86%D8%A9-%D9%82%D9%86%D8%A7%D8%A9-%D8%A7%D9%84%D8%B3%D9%88%D9%8A%D8%B3/
Egypt	AlMal	???????? ???????????? ???????? ?????????? ?????????????? ?????????? 65 ??????????	https://almalnews.com/%D9%82%D9%86%D8%A7%D8%A9-%D8%A7%D9%84%D8%B3%D9%88%D9%8A%D8%B3-%D8%AA%D8%AD%D9%82%D9%82-%D8%B1%D9%82%D9%85%D9%8B%D8%A7-%D9%82%D9%8A%D8%A7%D8%B3%D9%8A%D9%8B%D8%A7-%D8%A8%D8%B9%D8%A8%D9%88%D8%B1-65/
Egypt	Al_Ahram(EnglishEdition)	Bab Al-Mandeb Strait: Sino-American duel in the Red Sea	https://english.ahram.org.eg/NewsPrint/321123.aspx
Egypt	Al_Ahram	46 ?????????? ???????? ???????? ???????????? ???? ?????????????????? ???????????? 2 ?????????? ??400 ?????? ????	https://gate.ahram.org.eg/News/852630.aspx
Egypt	Al_Ahram	????????: ???????? ???????????? ???????? ???????? ?????? ?????????? ???????????????? ??????????????	http://gate.ahram.org.eg/News/1579458.aspx
Egypt	Al_MasryAl_Youm	????????????: ???????? ???????????? ???????? ?????????? ??????????????	https://www.almasryalyoum.com/news/details/1188657
Egypt	DailyNewsEgypt	Chinese-style mosque a symbol of Indonesia's diversity	https://www.dailynewsegypt.com/2010/05/17/chinese-style-mosque-a-symbol-of-indonesias-diversity/
Egypt	fath_news.com	46 ?????????? ???????? ???????? ???????????? ???? ?????????????????? ???????????? 2 ?????????? ??400 ?????? ????	https://fath-news.com/ar/news/140388/46-%D8%B3%D9%81%D9%8A%D9%86%D8%A9-%D8%B9%D8%A8%D8%B1%D8%AA-%D9%82%D9%86%D8%A7%D8%A9-%D8%A7%D9%84%D8%B3%D9%88%D9%8A%D8%B3-%D9%85%D9%86-%D8%A7%D9%84%D8%A7%D8%AA%D8%AC%D8%A7%D9%87%D9%8A%D9%86
Egypt	fath_news.com	???????? 32 ?????????? ???????????? 2.1 ?????????? ???? ?????????? ????????????	https://fath-news.com/ar/news/245680/%D8%B9%D8%A8%D9%88%D8%B1-32-%D8%B3%D9%81%D9%8A%D9%86%D8%A9-%D8%A8%D8%AD%D9%85%D9%88%D9%84%D8%A9-21-%D9%85%D9%84%D9%8A%D9%88%D9%86-%D8%B7%D9%86
Egypt	Kooora	????????: ?????????????? ???????? ???? ????????????	https://www.kooora.com/?team=49553&mode=t
Egypt	Kooora	?????????? ???????? ?????? ???????? ?????????????? ???????? ???? ????????????	https://www.kooora.com/?showteams=9&hh=49553
Egypt	Masrawy	"????????": ???????? ???????????? ???????? ???????? ?????? ?????????? ???????????????? ?????????????? ????	https://www.masrawy.com/news/news_publicaffairs/details/2017/9/9/1151380/-%D9%85%D9%85%D9%8A%D8%B4-%D9%82%D9%86%D8%A7%D8%A9-%D8%A7%D9%84%D8%B3%D9%88%D9%8A%D8%B3-%D8%AA%D8%B3%D8%AC%D9%84-%D8%A3%D8%B9%D9%84%D9%89-%D8%B1%D9%82%D9%85-%D9%82%D9%8A%D8%A7%D8%B3%D9%8A-%D9%84%D9%84%D8%AD%D9%85%D9%88%D9%84%D8%A7%D8%AA-%D8%A7%D9%84%D9%8A%D9%88%D9%85%D9%8A%D8%A9-%D9%81%D9%8A-%D8%AA%D8%A7%D8%B1%D9%8A%D8%AE%D9%87%D8%A7
Egypt	Masress	Anouar Abdel-Malek: And the light flickers on	https://www.masress.com/en/ahramweekly/13986
Egypt	Masress	46 ?????????? ???????? ????????????	https://www.masress.com/almessa/322499
Egypt	Propaganda	??????????..???????? ???????????? ???????? ???????? ?????? ?????????? ?????????? 65 ?????????? – ??????????????????	https://propaganda-eg.com/%D8%A7%D9%84%D9%8A%D9%88%D9%85-%D9%82%D9%86%D8%A7%D8%A9-%D8%A7%D9%84%D8%B3%D9%88%D9%8A%D8%B3-%D8%AA%D8%AD%D9%82%D9%82-%D8%A3%D8%B9%D9%84%D9%89-%D8%B1%D9%82%D9%85-%D9%82%D9%8A%D8%A7%D8%B3%D9%8A-%D8%A8/
Egypt	Shorouk	???? ?????? ???????? ???????? ?????????? ???????? - ???????? ?????????????????? ??????????????	https://www.shorouknews.com/mobile/columns/view.aspx?cdate=03082023&id=4c6dfe63-cf1e-4206-8733-af04658869bb
Egypt	Shorouk	???????????? ???????????? ?????????? ?????? ??????????????.. ???????????? ???? ?????????? ??????????????	https://www.shorouknews.com/columns/view.aspx?cdate=14102010&id=8cce6242-0e15-4d6d-9c26-7921cff34e6a
Egypt	Shorouk	????????????: ???????? ???????????? ???????? ???????? ???????????? ?????????? 65 ?????????? ???????????? 4 ...	https://www.shorouknews.com/mobile/news/view.aspx?cdate=09092017&id=6edb085e-6923-4b42-8338-cc21d66e4fc3
Egypt	soutalomma.com	????????: ???????? 32 ?????????? ???????????? 2.1 ?????????? ????	https://www.soutalomma.com/Article/588331/%D9%85%D9%85%D9%8A%D8%B4-%D8%B9%D8%A8%D9%88%D8%B1-32-%D8%B3%D9%81%D9%8A%D9%86%D8%A9-%D8%A8%D8%AD%D9%85%D9%88%D9%84%D8%A9-2-1-%D9%85%D9%84%D9%8A%D9%88%D9%86-%D8%B7%D9%86
Egypt	Washwasha.org	Full Episode 12 | Crazy For You English Dubbed	https://www.washwasha.org/upload/libfiles/0/0/940.html?video=RX_pvIdVUy4
Egypt	Washwasha.org	Fatin Turismo Lautem || Lagoa Iralalaro Ho Nia Istoria	https://www.washwasha.org/upload/libfiles/0/0/940.html?video=sQVBwdVGn3w
Egypt	Washwasha.org	Courier Pilot Raider Vanity Shield Overview - Star Trek Online	https://www.washwasha.org/upload/libfiles/0/0/940.html?video=sL9TkP3TC70
Egypt	Youm7	???????? ???????? : ???????? 32 ?????????? ???????????? 2.1 ?????????? ????	https://www.youm7.com/story/2017/6/19/%D9%85%D9%87%D8%A7%D8%A8-%D9%85%D9%85%D9%8A%D8%B4-%D8%B9%D8%A8%D9%88%D8%B1-32-%D8%B3%D9%81%D9%8A%D9%86%D8%A9-%D8%A8%D8%AD%D9%85%D9%88%D9%84%D8%A9-2-1-%D9%85%D9%84%D9%8A%D9%88%D9%86-%D8%B7%D9%86/3290627
Eritrea	Dehai	Policy Brief	http://www.dehai.org/archives/dehai_news_archive/2016/jun/att-0978/China_faced_with_the_proliferation_of_the_terrorist_phenomenon_in_Africa.pdf
Eritrea	Dehai	Chinese Investments in Africa: “Chopsticks Mercantilism”	http://dehai.org/dehai/world-news/212829
Eritrea	Dehai	FEATURE-Piracy not only game in Indian Ocean naval build-up	http://www.dehai.org/archives/dehai_news_archive/jun-dec10/1116.html
Eritrea	Dehai	Basic -- TheGlobeAndMail.com: Djibouti's debt-defying stunt	http://dehai.org/dehai/basic/330469
Ethiopia	Capital	A trip of tradition, a commitment to cooperation	https://www.capitalethiopia.com/2022/01/17/a-trip-of-tradition-a-commitment-to-cooperation/
Ethiopia	EthiopiaNege	Chinese Investments in Africa: “Chopsticks Mercantilism”	https://ethiopianege.com/?p=3871
Ethiopia	EthiopianReporter_Englishedition	Chinese And African Civilizations Blossom Better In ...	https://www.thereporterethiopia.com/8064/
Ethiopia	EthiopianReporter_Englishedition	For Peace And Development In The Horn Of Africa	https://www.thereporterethiopia.com/23763/
Ethiopia	EthiopianReporter_Englishedition	Towards A Lasting Peace: China In Partnership With The ...	https://www.thereporterethiopia.com/24969/
Ethiopia	EthiopiaZare	Chinese Investments in Africa: “Chopsticks Mercantilism”	https://ethiopiazare.com/opinion/viewpoint/5554-chinese-investments-in-africa-chopsticks-mercantilism
Gambia	Standard	China Must Stop Terrorising Muslims	https://standard.gm/china-must-stop-terrorising-muslims/
Gambia	Standard	Africa Day Celebrated In Beijing	https://standard.gm/africa-day-celebrated-in-beijing/
Gambia	Standard	The Belt And Road Initiative: A Key Pillar Of The Global ...	https://standard.gm/the-belt-and-road-initiative-a-key-pillar-of-the-global-community-of-shared-future-part-1/
Ghana	BusinessGhana	Jumeirah: Dubai's Stunning Four Hotel Beach Resort ...	https://www.businessghana.com/site/news/business/266802/Jumeirah-Dubai-s-Stunning-Four-Hotel-Beach-Resort-Offers-Unirvalled-Benefits-for-Summer-Staycations
Ghana	Herald	Thank you Emeka And good afternoon to you all	https://theheraldghana.com/wp-content/uploads/2022/10/JM_Abuja-Forum-2022_Virtual-Forum-.pdf
Ghana	ModernGhana	Ancient India, West Africa & The Sea: Why It Could Not Be So	https://www.modernghana.com/news/829967/ancient-india-west-africa-the-sea-why-it-could-not-be-so.html
Ghana	ModernGhana	India, Africa, the Sea & Antiquity (Pt. 1)	https://www.modernghana.com/news/829964/india-africa-the-sea-antiquity-pt-1.html
Ghana	ModernGhana	Chinese Investments in Africa: “Chopsticks Mercantilism”	https://www.modernghana.com/news/806072/chinese-investments-in-africa-chopsticks-mercantilism.html
Ghana	ModernGhana	China president in Tanzania on start of African tour	https://www.modernghana.com/news/454570/china-president-in-tanzania-on-start-of-african-tour.html
Ghana	ModernGhana	The Great Rupture Explores Impact Of Information Age On ...	https://www.modernghana.com/news/1035409/the-great-rupture-explores-impact-of-information.html
Ghana	ModernGhana	Europe- Una Hysteria Importante - Part II	https://www.modernghana.com/news/1205515/europe-una-hysteria-importante-part.html
Ghana	ModernGhana	The Yorubas And The Sea: The Impossible Coast(s)?	https://www.modernghana.com/news/829962/the-yorubas-and-the-sea-the-impossible-coasts.html
Ghana	ModernGhana	Africans, Canoes & Navigation	https://www.modernghana.com/news/829968/africans-canoes-navigation-canoes-navigation-oliphant.html
Ghana	ModernGhana	Egypt And The Sea In Antiquity: From Beyond The Wdj-Wr	https://www.modernghana.com/news/829965/egypt-and-the-sea-in-antiquity-from-beyond-the-wdj-wr.html
Ghana	NewsGhana	China National Archives of Publications and Culture tells ...	https://newsghana.com.gh/china-national-archives-of-publications-and-culture-tells-stories-of-civilization-exchanges/
Ghana	NewsGhana	China's Maritime Silk Road port city Quanzhou added to ...	https://newsghana.com.gh/chinas-maritime-silk-road-port-city-quanzhou-added-to-unesco-world-heritage-list/
Ghana	NewsGhana	Malacca's Owes Its Upgrade Belt and Road initiative	https://newsghana.com.gh/malaccas-owes-its-upgrade-belt-and-road-initiative/
Ghana	NewsGhana	Exhibition highlights cultural imprint of Maritime Silk Road	https://newsghana.com.gh/exhibition-highlights-cultural-imprint-of-maritime-silk-road/
Ghana	NewsGhana	Chinese President Xi Tells Silk Road Tales	https://newsghana.com.gh/chinese-president-xi-tells-silk-road-tales/
Ghana	NewsGhana	China-Bangladesh relationship thrives on equality and peace	https://newsghana.com.gh/china-bangladesh-relationship-thrives-on-equality-and-peace/
Ghana	NewsGhana	Beautiful stories highlight China-Brunei ties	https://newsghana.com.gh/beautiful-stories-highlight-china-brunei-ties/
Ghana	NewsGhana	Chinese President Xi Declares Silk Road Essence	https://newsghana.com.gh/chinese-president-xi-declares-silk-road-essence/
Ghana	NewsGhana	China, Arab states drawing blueprint for future development	https://newsghana.com.gh/china-arab-states-drawing-blueprint-for-future-development/
Ghana	NewsGhana	Jointly Write a New Chapter of China-Brunei Relations: Xi	https://newsghana.com.gh/jointly-write-a-new-chapter-of-china-brunei-relations-xi/
Ghana	NewsGhana	Chinese group highlights on energy, green silk road	https://newsghana.com.gh/chinese-group-highlights-on-energy-green-silk-road/
Ghana	NewsGhana	Xi's visit to usher in a new chapter of China-Brunei relations	https://newsghana.com.gh/xis-visit-to-usher-in-a-new-chapter-of-china-brunei-relations/
Ghana	NewsGhana	Chinese, Kenyan artists stage cultural show amid growing ...	https://newsghana.com.gh/chinese-kenyan-artists-stage-cultural-show-amid-growing-bilateral-ties/
Ghana	NewsGhana	Malaysia won't hold elections until after the pandemic	https://newsghana.com.gh/malaysia-wont-hold-elections-until-after-the-pandemic-prime-minister/
Ghana	NewsGhana	South China Sea: china remains firm in protecting peace ...	https://newsghana.com.gh/south-china-sea-china-remains-firm-in-protecting-peace-and-stability/
Ghana	NewsGhana	Education System	https://newsghana.com.gh/education-system/page/14082/
Ghana	NewsGhana	Education System	https://newsghana.com.gh/education-system/page/7398/
Ghana	NewsGhana	Emerging Markets 126	https://newsghana.com.gh/world-news/emerging-markets/page/126/
Ghana	NewsGhana	Terms Of Use | News Ghana	https://newsghana.com.gh/terms-of-use/page/14511/?mobile=1&amp
Ghana	NewsGhana	Cambodia anticipates peace, prosperity and development ...	https://newsghana.com.gh/cambodia-anticipates-peace-prosperity-and-development-through-belt-and-road-campaign/
Ghana	NewsGhana	Terms Of Use | News Ghana	https://newsghana.com.gh/terms-of-use/page/13888/?amp=1
Ghana	NewsGhana	Xi's visit to Brunei to inject new impetus to bilateral ties	https://newsghana.com.gh/xis-visit-to-brunei-to-inject-new-impetus-to-bilateral-ties-head-of-brunei-china-friendship-association/
Ghana	NewsGhana	Consular Assistance	https://newsghana.com.gh/ghana/about-ghana/consular-assistance/page/14566/?amp
Ghana	NewsGhana	EU EOM Chief Observer to follow election preparations in ...	https://newsghana.com.gh/eu-eom-chief-observer-to-follow-election-preparations-in-western-central-and-ashanti-region/
Ghana	NewsGhana	News Ghana	https://newsghana.com.gh/ghana-/page/7249/
Ghana	NewsGhana	Akwamu	https://newsghana.com.gh/ghana/ethnic-groups/akwamu/page/4636/?amp
Ghana	NewsGhana	Akan (Akuapim)	https://newsghana.com.gh/ghana/ethnic-groups/akan-akuapim/page/4827/
Ghana	NewsGhana	Akan (Ashanti)	https://newsghana.com.gh/ghana/ethnic-groups/akan-ashanti/page/2425/
Ghana	NewsGhana	Guan	https://newsghana.com.gh/ghana/ethnic-groups/guan/page/2344/
Ghana	NewsGhana	Tourism	https://newsghana.com.gh/ghana/tourism/page/2293/
Ghana	NewsGhana	Terms Of Use | News Ghana	https://newsghana.com.gh/terms-of-use/page/7430/
Ghana	NewsGhana	Photos Gallery	https://newsghana.com.gh/photos-gallery/page/4635/?albumu003d1u0026galleryu003d18&amp
Ghana	NewsGhana	Archives	https://newsghana.com.gh/archives/page/6877/?amp-wp-skip-redirect=1
Ghana	NewsGhana	Ethnic Groups	https://newsghana.com.gh/ghana/ethnic-groups/page/4661/?amp-wp-skip-redirect=1&amp
Ghana	NewsGhana	Archives	https://newsghana.com.gh/archives/page/14085/?amp-wp-skip-redirect=1&amp
Ghana	Pulse	The rise, fall, and comeback of the Chinese economy over ...	https://www.pulse.com.gh/bi/finance/finance-the-rise-fall-and-comeback-of-the-chinese-economy-over-the-past-800-years/c4xp8je
Ghana	Pulse	more from football	https://www.pulse.com.gh/sports/football/statistics/team/-1/finished?tid=21114&season_id=7033&tournament_id=532
Guinea Bissau	BambaramdiPadida	GRANDES MIST??RIOS DA HIST??RIA - PARTE 2	https://bambaramdipadida.blogspot.com/2017/09/grandes-misterios-da-historia-parte-2.html
Guinea Bissau	BambaramdiPadida	DJIBUTI, A PRIMEIRA BASE NAVAL DO EX??RCITO ...	https://bambaramdipadida.blogspot.com/2016/03/djibuti-primeira-base-naval-do-exercito.html
Guinea Bissau	BambaramdiPadida	Embaixador Jin Hongjun: “CONSTRU????O DE UMA ...	https://bambaramdipadida.blogspot.com/2017/12/embaixador-jin-hongjun-construcao-de.html
Guinea Bissau	ODemocrata	Iniciativa da Civiliza????o Global Injeta Nova Din??mica ao ...	https://www.odemocratagb.com/?p=44049
Guinea Bissau	ODemocrata	“BOLSA DO EMBAIXADOR” – UMA INICIATIVA PARA ...	https://www.odemocratagb.com/?p=37771
Guinea Bissau	ODemocrata	Embaixador Jin Hongjun: “CONSTRU????O DE UMA ...	https://www.odemocratagb.com/?p=14918
Guinea Bissau	ODemocrata	Guiné-Bissau foi tantas vezes violentada por ocorrências ...	https://www.odemocratagb.com/wp-content/uploads/2021/11/Edicao-442_jornal-O-DEMOCRATA_25-de-novembro-de-2021.pdf
Guinea	GuineeNews	Insister sur le développement pacifique, la prospérité ...	https://guineenews.org/insister-sur-le-developpement-pacifique-la-prosperite-commune-et-la-securite-universelle-et-promouvoir-le-developpement-constant-de-lamitie-chine-afrique/
Ivory Coast	Abidjan.net	Chronique internationale - Comment la Chine a écrit son ...	https://news.abidjan.net/articles/328676/chronique-internationale-comment-la-chine-a-ecrit-son-histoire
Ivory Coast	Abidjan.net	Chine-Afrique : La menace de l'invasion jaune	https://news.abidjan.net/articles/333883/chine-afrique-la-menace-de-linvasion-jaune
Ivory Coast	Abidjan.net	La reconnaissance diplomatique de la Chine à l'Afrique	https://news.abidjan.net/articles/339235/chine-la-reconnaissance-diplomatique-de-la-chine-a-lafrique
Ivory Coast	Abidjan.net	Relation internationales : Chine - Afrique - Abidjan.net News	https://news.abidjan.net/articles/343062/relation-internationales-chine-afrique
Ivory Coast	FraterniteMatin	Chine: L'initiative ?? Une Ceinture, une Route ?? apportera la ...	https://www.fratmat.info/article/75269/%C3%89tranger/chine-linitiative-une-ceinture-une-route-apportera-la-paix-la-prosperite-et-le-developpement
Ivory Coast	FraterniteMatin	?? Du passé à l'avenir ?? : en visite dans le Pavillon chinois ...	https://www.fratmat.info/article/75722/%C3%89tranger/-du-passe-a-lavenir-en-visite-dans-le-pavillon-chinois-de-lexpo-universelle-dastana
Kenya	BreakingKenyaNews	59 years on, the ties that bind Sino-Kenya relations still hold	https://www.breakingkenyanews.com/2022/12/59-years-on-ties-that-bind-sino-kenya.html
Kenya	BreakingKenyaNews	Sino-Africa dialogue fuelling dreams of a shared post-covid future ...	https://www.breakingkenyanews.com/2023/05/sino-africa-dialogue-fuelling-dreams-of.html
Kenya	BusinessDaily	China may rewrite Africa's history Worldview	https://www.businessdailyafrica.com/bd/opinion-analysis/columnists/china-may-rewrite-africa-s-history-worldview-1969158
Kenya	BusinessDaily	Tale of ships wrecked on Kenya coastline	https://www.businessdailyafrica.com/bd/corporate/shipping-logistics/tale-of-ships-wrecked-on-kenya-coastline-2272690
Kenya	BusinessDaily	Will China conquer the world?	https://www.businessdailyafrica.com/bd/opinion-analysis/columnists/will-china-conquer-the-world--1954600
Kenya	BusinessDaily	Why Kenya continues to lose out on billions in underwater ...	https://www.businessdailyafrica.com/bd/lifestyle/society/why-kenya-continues-to-lose-billions-in-underwater-tourism-3893056
Kenya	CapitalFM	Rich history, shared interests define China-Kenya win ...	https://www.capitalfm.co.ke/eblog/rich-history-shared-interests-define-china-kenya-win-win-ties/
Kenya	CapitalFM	Belt and Road Initiative: A Road of Peace for the New Era	https://www.capitalfm.co.ke/news/2023/10/belt-and-road-initiative-a-road-of-peace-for-the-new-era/
Kenya	CapitalFM	Big opportunities in China's 21st Century Silk Road strategy	https://www.capitalfm.co.ke/eblog/big-opportunities-in-chinas-21st-century-silk-road-strategy/
Kenya	CapitalFM	Xi trip highlights China's Africa influence	https://www.capitalfm.co.ke/news/2013/03/xi-trip-highlights-chinas-africa-influence/
Kenya	CapitalFM	Chinese navy to fight Somali piracy	https://www.capitalfm.co.ke/news/2008/12/chinese-navy-to-fight-somali-piracy/
Kenya	CapitalFM	China president in Tanzania at start of Africa tour	https://www.capitalfm.co.ke/news/2013/03/china-president-in-tanzania-at-start-of-africa-tour/
Kenya	CapitalFM	Hu heads for APEC summit	https://www.capitalfm.co.ke/news/2009/11/hu-heads-for-apec-summit/
Kenya	CapitalFM	For Peace and Development in the Horn of Africa, China is ...	https://www.capitalfm.co.ke/news/2022/05/for-peace-and-development-in-the-horn-of-africa-china-is-doing-its-part/
Kenya	CapitalFM	Transformation and Upgrading of China-Africa Cooperation	https://www.capitalfm.co.ke/eblog/johannesburg-summit-transformation-and-upgrading-of-china-africa-cooperation/
Kenya	DailyNation	Construction stopped on replica of ancient Chinese ship	https://nation.africa/kenya/life-and-style/art-culture/construction-stopped-on-replica-of-ancient-chinese-ship--994368
Kenya	DailyNation	Experts set to unravel puzzle of a Chinese ship that sank ...	https://nation.africa/kenya/news/provincial/experts-set-to-unravel-puzzle-of-a-chinese-ship-that-sank-near-lamu--642302
Kenya	DailyNation	Let's get to know the mythical elephant	https://nation.africa/kenya/blogs-opinion/opinion/let-s-get-to-know-the-mythical-elephant--309648
Kenya	DailyNation	Who is the bull in a China shop?	https://nation.africa/kenya/life-and-style/dn2/who-is-the-bull-in-a-china-shop--825074
Kenya	DailyNation	The story of China as seen by Kenyan visitors	https://nation.africa/kenya/life-and-style/weekend/the-story-of-china-as-seen-by-kenyan-visitors-1047274
Kenya	DailyNation	Girl's journey to ancestral land in China	https://nation.africa/kenya/life-and-style/lifestyle/girl-s-journey-to-ancestral-land-in-china-820958
Kenya	DailyNation	59 years on, the ties that bind Sino-Kenya relations still hold	https://nation.africa/kenya/blogs-opinion/opinion/59-years-on-the-ties-that-bind-sino-kenya-relations-still-hold-4042146
Kenya	DailyNation	Nanjing is a stepping stone for budding Olympians	https://nation.africa/kenya/blogs-opinion/opinion/nanjing-is-a-stepping-stone-for-budding-olympians--1010234
Kenya	DailyNation	A journey back to the roots	https://nation.africa/kenya/life-and-style/lifestyle/a-journey-back-to-the-roots-504612
Kenya	DailyNation	Ancient site discovered in Malindi's old town	https://nation.africa/kenya/news/ancient-site-discovered-in-malindi-s-old-town-823988
Kenya	DailyNation	A long history of beneficial relations	https://nation.africa/kenya/blogs-opinion/opinion/a-long-history-of-beneficial-relations-401840
Kenya	DailyNation	'Return of the dragon' and road to China's new world order	https://nation.africa/kenya/blogs-opinion/opinion/-return-of-the-dragon-and-road-to-china-s-new-world-order-160412
Kenya	DailyNation	Where tradition and modernity exist in harmony	https://nation.africa/kenya/life-and-style/dn2/where-tradition-and-modernity-exist-in-harmony-1198910
Kenya	DailyNation	Japan interprets Constitution to suit defence plans	https://nation.africa/kenya/blogs-opinion/opinion/japan-interprets-constitution-to-suit-defence-plans-1001858
Kenya	DailyNation	China's anti-piracy mission shows Beijing rising clout	https://nation.africa/kenya/news/africa/china-s-anti-piracy-mission-shows-beijing-rising-clout--573106
Kenya	DailyNation	Chinese envoy: Beijing has tried its best to meet Kenya's ...	https://nation.africa/kenya/news/zhou-pingjian-what-china-has-in-store-for-kenya-and-africa-3230368
Kenya	DailyNation	Distance cannot separate true friends	https://nation.africa/kenya/blogs-opinion/opinion/distance-cannot-separate-true-friends-36974
Kenya	DailyNation	At 60, the future of Sino-Kenya diplomatic ties looks certain	https://nation.africa/kenya/blogs-opinion/opinion/at-60-the-future-of-sino-kenya-diplomatic-ties-looks-certain-4265720
Kenya	DailyNation	Sino-Africa dialogue fuelling dreams of a shared post-covid ...	https://nation.africa/kenya/blogs-opinion/opinion/sino-africa-dialogue-fuelling-dreams-of-a-shared-post-covid-future-4233866
Kenya	DailyNation	Chinese drive will not hurt Africa, says president	https://nation.africa/kenya/news/chinese-drive-will-not-hurt-africa-says-president-529378
Kenya	DailyNation	First underwater museum to be established in Kilifi County	https://nation.africa/kenya/news/first-underwater-museum-to-be-established-in-kilifi-county-931208
Kenya	DailyNation	No traps, prejudice in Belt and Road	https://nation.africa/kenya/blogs-opinion/opinion/no-traps-prejudice-in-belt-and-road-73030
Kenya	DailyNation	Kenya's first underwater museum	https://nation.africa/kenya/life-and-style/dn2/kenya-s-first-underwater-museum-798506
Kenya	DailyNation	Ruto courts China with eye on new infrastructure deals	https://nation.africa/kenya/news/ruto-courts-china-with-eye-on-new-infrastructure-deals-4406014
Kenya	DailyNation	The China-Kenya voyage is on a new trajectory	https://nation.africa/kenya/blogs-opinion/opinion/the-china-kenya-voyage-is-on-a-new-trajectory--980564
Kenya	DailyNation	China pivot to Swahili in a new charm offensive	https://nation.africa/kenya/blogs-opinion/opinion/china-pivot-to-swahili-in-a-new-charm-offensive-4340772
Kenya	DailyNation	China-Kenya ties at new growth point	https://nation.africa/kenya/blogs-opinion/opinion/china-kenya-ties-at-new-growth-point-52058
Kenya	DailyNation	Build on gains for prosperous cooperation	https://nation.africa/kenya/blogs-opinion/opinion/build-on-gains-for-prosperous-cooperation-118232
Kenya	DailyNation	Tame geopolitics to secure Africa's 'ecological civilisation'	https://nation.africa/kenya/blogs-opinion/opinion/tame-geopolitics-to-secure-africa-s-ecological-civilisation--114598
Kenya	DailyNation	China targets Kenya's ports in trade	https://nation.africa/kenya/news/china-targets-kenya-s-ports-in-trade-1133514
Kenya	DailyNation	An exciting wilderness right by the beach in Diani	https://nation.africa/kenya/life-and-style/lifestyle/an-exciting-wilderness-right-by-the-beach-in-diani-4025320
Kenya	DailyNation	Of love, losses and seeking answers in 'The Dragonfly Sea'	https://nation.africa/kenya/life-and-style/weekend/of-love-losses-and-seeking-answers-in-the-dragonfly-sea--157472
Kenya	DailyNation	Gicharu too good for Azerbaijan's Chalabiyev in Aiba pro- ...	https://nation.africa/kenya/sports/boxing/gicharu-too-good-for-azerbaijan-s-chalabiyev-in-aiba-pro-boxing-bout-1110280
Kenya	KenyaBroadcastingCorporation(KBC)	Xi Jinping meets Kenyan president in Beijing - KBC	https://www.kbc.co.ke/xi-jinping-meets-kenyan-president-in-beijing/
Kenya	KenyaBroadcastingCorporation(KBC)	The BRI celebrates a decade of unrivalled socioeconomic ...	https://www.kbc.co.ke/the-bri-celebrates-a-decade-of-unrivalled-socioeconomic-transformation/
Kenya	Pulse	The rise, fall, and comeback of the Chinese economy over ...	https://www.pulselive.co.ke/bi/finance/finance-the-rise-fall-and-comeback-of-the-chinese-economy-over-the-past-800-years/7srjecc
Kenya	Standard	Zheng He - The Standard	https://www.standardmedia.co.ke/topic/zheng-he
Kenya	Standard	Retracing Chinese roots in the Coast - The Standard	https://www.standardmedia.co.ke/article/2000016203/retracing-chinese-roots-in-the-coast
Kenya	Standard	Fresh attempts to unravel mystery of lost Chinese ship, 600 ...	https://www.standardmedia.co.ke/business/counties/article/2001293384/fresh-attempts-to-unravel-mystery-of-lost-chinese-ship-600-years-later
Kenya	Standard	Zheng He - The Standard Health	https://www.standardmedia.co.ke/health/topic/Zheng-He
Kenya	Standard	Kilifi leaders welcome China's plan to build museum ...	https://www.standardmedia.co.ke/health/amp/coast/article/2001435736/kilifi-leaders-welcome-chinas-plan-to-build-museum-industrial-park-to-honour-sailor
Kenya	Standard	Treasure of capsized Chinese fleet still at the Chinese Coast	https://www.standardmedia.co.ke/article/1144011643/treasure-of-capsized-chinese-fleet-still-at-the-chinese-coast
Kenya	Standard	Archaeological evidence shows Kenya's dalliance with ...	https://www.standardmedia.co.ke/article/2000089181/archaeological-evidence-shows-kenyas-dalliance-with-chinese-dates-15th-century
Kenya	Standard	600 years of Chinese bloodline in Lamu - The Standard	https://www.standardmedia.co.ke/article/2000076491/600-years-of-chinese-bloodline-in-lamu
Kenya	Standard	Treasure of capsized Chinese fleet still at the Coast	https://www.standardmedia.co.ke/business/work-life/article/1144010491/treasure-of-capsized-chinese-fleet-still-at-the-coast
Kenya	Standard	China and Kenya have had 45 years of a shared destiny	https://www.standardmedia.co.ke/article/1144002031/china-and-kenya-have-had-45-years-of-a-shared-destiny
Kenya	Standard	Lamu, Shanghai become twin-cities to rediscover history	https://www.standardmedia.co.ke/article/2000018249/lamu-shanghai-become-twin-cities-to-rediscover-history
Kenya	Standard	Our cultural influence on the world isn't new - The Standard	https://www.standardmedia.co.ke/evewoman/living/article/2001454183/our-cultural-influence-on-the-world-isnt-new
Kenya	Standard	Why everybody wants a piece of alluring Kenya - The Standard	https://www.standardmedia.co.ke/business/news/article/2001294244/why-everybody-wants-a-piece-of-alluring-kenya
Kenya	Standard	Kenyan writer who explores China's links with Africa	https://www.standardmedia.co.ke/counties/article/2000092935/kenyan-writer-who-explores-chinas-links-with-africa
Kenya	Standard	Project seeks to confirm roots of 'Lamu Chinese' - The Standard	https://www.standardmedia.co.ke/the-standard/article/2000006208/project-seeks-to-confirm-roots-of-lamu-chinese
Kenya	Standard	Rare Chinese coin found on Manda Island - The Standard	https://www.standardmedia.co.ke/article/2000076104/rare-chinese-coin-found-on-manda-island
Kenya	Standard	What kind of superpower could China be? - The Standard	https://www.standardmedia.co.ke/article/2000069369/what-kind-of-superpower-could-china-be
Kenya	Standard	China traces its history to Lamu - The Standard	https://www.standardmedia.co.ke/business/business/article/2000021038/china-traces-its-history-to-lamu
Kenya	Standard	Lamu-China entanglement stronger than python's grip	https://www.standardmedia.co.ke/counties/article/2001417023/lamu-china-entanglement-stronger-than-pythons-grip
Kenya	Standard	China and Kenya in joint initiative to protect wildlife	https://www.standardmedia.co.ke/counties/article/2000193940/china-and-kenya-in-joint-initiative-to-protect-wildlife
Kenya	Standard	China-Kenya ties headed for better times - The Standard	https://www.standardmedia.co.ke/article/2000091259/china-kenya-ties-headed-for-better-times
Kenya	Standard	China-Kenya ties set for new voyage - The Standard	https://www.standardmedia.co.ke/article/2000111301/china-kenya-ties-set-for-new-voyage
Kenya	Standard	Kenya's historical attractions can be emotionalised to attract ...	https://www.standardmedia.co.ke/business/article/2001275184/kenya-s-historical-attractions-can-be-emotionalised-to-attract-more-tourists
Kenya	Standard	Why food and culture are low-lying fruits in tourism	https://www.standardmedia.co.ke/counties/article/2001287455/why-food-and-culture-are-low-lying-fruits-in-tourism
Kenya	Standard	Uhuru seeks win-win ties between Kenya and China	https://www.standardmedia.co.ke/amp/article/2000091496/uhuru-seeks-win-win-ties-between-kenya-and-china
Kenya	Standard	Is USA upstaging China in the Kenyan market? - The Standard	https://www.standardmedia.co.ke/news/article/2001285256/is-usa-upstaging-china-in-the-kenyan-market
Kenya	Standard	Patrick Beja - The Standard	https://www.standardmedia.co.ke/author/169/patrick-beja
Kenya	TheEastAfrican	China to erect explorer's statue in Mombasa	https://www.theeastafrican.co.ke/tea/news/east-africa/china-to-erect-explorer-s-statue-in-mombasa-1310304
Kenya	TheEastAfrican	Saving Rothschild's, the friendly giant	https://www.theeastafrican.co.ke/tea/magazine/saving-rothschild-s-the-friendly-giant-1300512
Kenya	TheStar	China is a sincere advocate of Africa's development - The Star	https://www.the-star.co.ke/opinion/columnists/2021-03-29-china-is-a-sincere-advocate-of-africas-development/
Kenya	TheStar	The Dragonfly Sea: Story of a voyage, identity, and ... - The Star	https://www.the-star.co.ke/sasa/books/2019-03-10-the-dragonfly-sea-story-of-a-voyage-identity-and-the-interwoven-history-of-different-cultures/
Kenya	TheStar	SUN BAOHONG: Make a model for building the community of ...	https://www.the-star.co.ke/opinion/2018-08-31-sun-baohong-make-a-model-for-building-the-community-of-shared-future/
Kenya	TheStar	Fort Jesus: Witness to centuries of history on Kenya's Coast	https://www.the-star.co.ke/news/2023-11-03-fort-jesus-witness-to-centuries-of-history-on-kenyas-coast/
Kenya	TheStar	The BRI has opened a whole new world in Kenya - The Star	https://www.the-star.co.ke/opinion/2023-09-11-the-bri-has-opened-a-whole-new-world-in-kenya/
Kenya	TheStar	Kenyans called on to apply for EV charging stations - The Star	https://www.the-star.co.ke/news/realtime/2023-09-15-kenyans-called-on-to-apply-for-ev-charging-stations/
Liberia	GNNLiberia	Analysis of the Impact of China-Liberia 42 Years of an ...	https://gnnliberia.com/en/analysis-of-the-impact-of-china-liberia-42-years-of-an-amazing-friendship-and-cooperation/
Liberia	GNNLiberia	China: "A Hope for Africa's Socio-economic Growth and ...	https://gnnliberia.com/42243/
Liberia	GNNLiberia	Liberia, U.S. and China's Triangular Relations and Its ...	https://gnnliberia.com/liberia-u-s-and-chinas-triangular-relations-and-its-development-impact/
Liberia	GNNLiberia	China and Africa: Toward Even Stronger Community With ...	https://gnnliberia.com/china-and-africa-toward-even-stronger-community-with-a-shared-future-ul-professor-addresses-global-think-tanks-forum-in-beijing/
Liberia	GNNLiberia	A Qualitative Analysis of Liberia- U.S,- China Triangular ...	https://gnnliberia.com/a-qualitative-analysis-of-liberia-u-s-china-triangular-relations-and-its-impacts-on-development/
Liberia	GNNLiberia	Analysis of the Effect of U.S.-China's New Engagement In ...	https://gnnliberia.com/en/analysis-of-the-effect-of-u-s-chinas-new-engagement-in-africa/
Liberia	NewDawn	Analysis of the Impact of China-Liberia 42 Years of an ...	https://thenewdawnliberia.com/analysis-of-the-impact-of-china-liberia-42-years-of-an-amazing-friendship-and-cooperation/
Liberia	NewDawn	China & African Countries' Independent Exploration of ...	https://thenewdawnliberia.com/china-african-countries-independent-exploration-of-development-paths/
Liberia	NewDawn	Vol.9 No.079 Tuesday. MAY 21, 2019 - The New Dawn Liberia	https://thenewdawnliberia.com/govoampi/2019/05/Vol.9-No.079-Tuesday.-MAY-21-2019.pdf
Madagascar	MadagascarTribune	?? Il ne faut pas se faire d'illusions ...	https://www.madagascar-tribune.com/Il-ne-faut-pas-se-faire-des,11342.html
Madagascar	MadagascarTribune	Niels Marquart, choqué	https://www.madagascar-tribune.com/Niels-Marquart-choque,11348.html
Madagascar	MidiMadigasikara	Troisième Forum de "la Ceinture et de la Route" pour ...	https://midi-madagasikara.mg/troisieme-forum-de-la-ceinture-et-de-la-route-pour-la-cooperation-internationale/
Mali	Afribone	Coopération: Chine-Afrique	https://www.afribone.com/cooperation-chine-afrique/
Mali	Bamada	Chine : Un bond prodigieux en 70 ans	http://bamada.net/chine-un-bond-prodigieux-en-70-ans
Mali	Bamada	Attachement aux principes de la coexistence pacifique	http://bamada.net/la-chine-et-les-conflits-armes-dans-le-monde-attachement-aux-principes-de-la-coexistence-pacifique
Mali	Bamada	Relations sino-africaines : Les allégations de ...	https://bamada.net/relations-sino-africaines-les-allegations-de-neocolonialisme
Mali	Bamada	L'Union Européenne est morte, vive l'Europe	https://bamada.net/lunion-europeenne-est-morte-vive-leurope
Mali	MaliActu	LA CHINE ET LES CONFLITS ARMES DANS LE MONDE	https://maliactu.net/la-chine-et-les-conflits-armes-dans-le-monde-attachement-aux-principes-de-la-coexistence-pacifique/
Mali	Malijet	l'aube de la renaissance pour Malacca	http://malijet.com/actualite_economique_du_mali/185526-%C2%AB-une-ceinture%2C-une-route-%C2%BB%2C-l-aube-de-la-renaissance-pour-malac.html
Mali	Malijet	Chine-Afrique : UNE NOUVELLE CARTE SE DESSINE	http://malijet.com/a_la_une_du_mali/10477-chine_afrique_une_nouvelle_carte_se_dessine.html
Mali	Malijet	La Chine et les conflits armes dans le monde : Attachement ...	https://malijet.com/les_faits_divers_au_mali/lettres_ouvertes_mali/270537-la-chine-et-les-conflits-armes-dans-le-monde-attachement-aux-pri.html
Mali	Malijet	en visite dans le Pavillon chinois de l'Expo universelle d' ...	http://malijet.com/actualite_economique_du_mali/187813-%C2%AB-du-pass%C3%A9-%C3%A0-l-avenir-%C2%BB-en-visite-dans-le-pavillon-chinois-de-l-.html
Mali	MaliZine	Relations sino-africaines : Les allégations de ...	https://malizine.com/2020/06/15/relations-sino-africaines-les-allegations-de-neocolonialisme/
Mauritania	EsSahraa	?????????????? ???????????????? ???????????? ?????????? ?????????? ?????????? ???????? ???????????? (?? 2)	https://essahraa.net/archive_2/?q=node/23539
Mauritius	L'EcoAustral	Un grand amiral chinois en océan Indien ou les sept ...	https://ecoaustral.com/un-grand-amiral-chinois-en-ocean-indien-ou-les-sept-periples-de-zheng-he/
Mauritius	L'EcoAustral	Chine	https://ecoaustral.com/pays/chine/
Mauritius	L'EcoAustral	La magie du parc national des Virunga attire à nouveau les ...	https://ecoaustral.com/la-magie-du-parc-national-des-virunga-attire-nouveau-les-touristes/
Mauritius	L'EcoAustral	La croissance économique de l'Afrique du Sud a ralenti à 1 ...	https://ecoaustral.com/la-croissance-economique-de-lafrique-du-sud-ralenti-19-en-2013/
Mauritius	L'EcoAustral	Les plus partagés | Page 6	http://ecoaustral.com/les-plus-partages/supersparbox/un-grand-amiral-chinois-en-ocean-indien-ou-les-sept-periples-de-zheng-he?page=5
Mauritius	L'EcoAustral	Dossiers | Ecoaustral	http://ecoaustral.com/dossiers?page=26
Mauritius	L'Express	Les risques sont pris, quelles sont les conséquences ?	https://lexpress.mu/idee/387517/risques-sont-pris-quelles-sont-consequences
Mauritius	L'Express	Boulets	https://lexpress.mu/idee/291452/boulets
Mauritius	L'Express	Nandini Bhautoo-Dewnarain: ??Beaucoup d'enseignants n' ...	https://lexpress.mu/article/290894/nandini-bhautoo-dewnarain-beaucoup-denseignants-nont-aucun-sens-responsabilite
Mauritius	L'Express	A-t-on déjà dépassé les 50 % d'indécis	https://lexpress.mu/idee/291214/t-deja-depasse-50-dindecis
Mauritius	LeMauricien	HISTORY – Zheng He : Great Chinese Mariner, Explorer ...	https://www.lemauricien.com/le-mauricien/history-zheng-he-great-chinese-mariner-explorer-and-chinas-fleet-admiral/480125/
Mauritius	LeMauricien	Opinions | Le Mauricien | Page 222	http://www.lemauricien.com/category/opinions/page/222/
Mauritius	LeMauricien	lemauricien | Le Mauricien | Page 528	http://www.lemauricien.com/author/lemauricien/page/528/
Mauritius	LeMauricien	Forum | Le Mauricien | Page 75	https://www.lemauricien.com/category/opinions/forum/page/75/
Mauritius	LeMauricien	Opinions | Le Mauricien | Page 211	http://www.lemauricien.com/category/opinions/page/211/
Mauritius	LeMauricien	Quand la Chine tisse sa toile…	https://www.lemauricien.com/week-end/quand-la-chine-tisse-sa-toile/224021/
Mauritius	LeMauricien	CCC—JUSQU'AU 28 AVRIL: La route maritime de la soie ...	https://www.lemauricien.com/actualites/societe/ccc-jusqu-au-28-avril-la-route-maritime-la-soie-au-coeur-d-exposition/162911/
Mauritius	MauritiusTimes	MAURITIUS TIMES	http://www.mauritiustimes.com/mt/wp-content/uploads/2021/07/Mauritius-Times-ePaper-27-July-2021.pdf
Mauritius	SundayTimes	[L.E] Taiwan Strait crisis: Disinformation, distortion and ...	https://sundaytimesmauritius.com/l-e-taiwan-strait-crisis-disinformation-distortion-and-manipulation/
Morocco	AnfasPress	?????????????????? ?????????? : ???????????? ???????? ???????????????????? ??????????????	https://anfaspress.com/news/print/72218-2020-11-02-06-59-27
Morocco	Barlamane	Académie du Royaume du Maroc : les relations entre la ...	https://www.barlamane.com/fr/academie-du-royaume-du-maroc-les-relations-entre-la-chine-et-lafrique-datent-de-lepoque-precoloniale-du-temps-de-la-dynastie-han/
Morocco	LeMaghreb	?????? ?????? ???????? ????????????: ???????????? "???????????? ??????????????"...???????????? ?????????? ...	https://ar.lemaghreb.tn/%D9%85%D9%82%D8%A7%D9%84%D8%A7%D8%AA-%D8%A7%D9%84%D9%85%D8%BA%D8%B1%D8%A8/item/82549-%D8%B9%D9%84%D9%89-%D8%AE%D8%B7%D9%89-%D8%B7%D8%B1%D9%8A%D9%82-%D8%A7%D9%84%D8%AD%D8%B1%D9%8A%D8%B1-%D9%85%D8%A8%D8%A7%D8%AF%D8%B1%D8%A9-%D8%A7%D9%84%D8%AD%D8%B2%D8%A7%D9%85-%D9%88%D8%A7%D9%84%D8%B7%D8%B1%D9%8A%D9%82-%D8%AA%D8%AD%D8%AF%D9%8A%D8%A7%D8%AA-%D8%B9%D8%AF%D9%8A%D8%AF%D8%A9-%D9%88%D8%A3%D8%AD%D9%84%D8%A7%D9%85-%D9%88%D8%A7%D8%B9%D8%AF%D8%A9-%D9%88%D8%AA%D9%88%D9%82-%D9%84%D9%84%D9%86%D9%85%D9%88
Morocco	LeMatinduSaharaetduMaghreb(LeMatin)	Mosquées à l'architecture chinoise : symboles de la ...	https://lematin.ma/journal/2010/Opinions--et-Debat_Mosquees-a-l-architecture-chinoise--symboles-de-la-diversite-indonesienne/133439.html
Morocco	LeMatinduSaharaetduMaghreb(LeMatin)	CMA CGM : Des bénéfices de 613 millions de dollars à fin ...	https://lematin.ma/journal/2015/cma-cgm--des-benefices-de-613-millions-de-dollars--a-fin-septembre/236062.html
Morocco	MarocHebdo	POUR LE CLIMAT	https://www.maroc-hebdo.press.ma/editions/download/1185
Morocco	MoroccoWorldNews	Billionaire Elon Musk Says He Is Learning about Morocco's ...	https://www.moroccoworldnews.com/2023/08/356985/billionaire-elon-musk-says-he-is-learning-about-moroccos-ibn-battuta
Morocco	yabiladi.com	Les go??ts et les couleurs ne s'expliquent pas; votre attirance	https://www.yabiladi.com/forum/gouts-couleurs-s-expliquent-pas-votre-attirance-3-7335651-page=10.html
Mozambique	ClubofMozambique	Dance of the lions and dragons	https://clubofmozambique.com/wp-content/uploads/2017/06/Dance-of-the-lions-and-dragons.pdf
Mozambique	ClubofMozambique	Bank of China opens branch in Malaysia's historic city ...	https://clubofmozambique.com/news/bank-of-china-opens-branch-in-malaysias-historic-city-of-malacca/
Mozambique	JornalTxopela	Por que a China reivindica quase todo o Mar da China Meridional?	https://jornaltxopela.com/2023/10/23/por-que-a-china-reivindica-quase-todo-o-mar-da-china-meridional/
Mozambique	Verdade	Conquista Mo??ambola 2010 - Verdade	https://verdade.co.mz/wp-content/uploads/2020/08/a_verdade_ed_0110.pdf
Niger	LeSahel	Une modernisation empruntant la voie du développement ...	https://www.lesahel.org/modernisation-a-la-chinoise-une-modernisation-empruntant-la-voie-du-developpement-pacifique/
Niger	NigerDiaspora	Mission historique de la marine chinoise au large de ...	https://www.nigerdiaspora.net/Archives-Nigerdiaspora-2003-2020/index.php/breves/item/63246-mission-historique-de-la-marine-chinoise-au-large-de-la-somalie
Nigeria	BusinessDay	A silk glove for China's iron fist	https://businessday.ng/analysis/article/a-silk-glove-for-chinas-iron-fist/
Nigeria	BusinessDay	Europe and the emerging Africa	https://businessday.ng/columnist/article/europe-and-the-emerging-africa/
Nigeria	CompleteSports	Ka tukuna e Gauff a Raducanu Packing te Toa Grand Slam o mua	https://www.completesports.com/mi/2023-australia-open-americas-gauff-sends-former-grand-slam-winner-raducanu-packing/
Nigeria	Guardian	Chinese Navy in fleet of cooperation and friendship	https://guardian.ng/opinion/chinese-navy-in-fleet-of-cooperation-and-friendship/
Nigeria	Guardian	The belt and road: New opportunities for China-Nigeria ...	https://guardian.ng/features/the-belt-and-road-new-opportunities-for-china-nigeria-cooperation/
Nigeria	Guardian	Wang Yi Holds Talks with Kenyan Cabinet Secretary for ...	https://guardian.ng/apo-press-releases/wang-yi-holds-talks-with-kenyan-cabinet-secretary-for-foreign-affairs-raychelle-awuor-omamo/
Nigeria	Guardian	Latest On Chinese navy	https://guardian.ng/tag/chinese-navy/
Nigeria	Guardian	Nigeria and World News | Page 1591 of 36559	https://guardian.ng/page/1591/
Nigeria	Guardian	Nigeria and World News | Page 1526 of 36555	https://guardian.ng/page/1526/
Nigeria	Guardian	Nigeria and World News | Page 1405 of 36557	https://guardian.ng/page/1405/
Nigeria	Guardian	yan-yuqing News	https://guardian.ng/tag/yan-yuqing/
Nigeria	Independent	Navy Visits: New Vistas For China-Nigeria Relations	https://independent.ng/navy-visits-new-vistas-for-china-nigeria-relations/
Nigeria	Independent	China Looks To Recreate Ancient Silk Road With Network ...	https://independent.ng/china-looks-to-recreate-ancient-silk-road-with-network-of-african-ports/
Nigeria	Independent	Blogs – Page 3	https://independent.ng/category/views/blog/page/3/
Nigeria	Independent	Blogs – Page 4	https://independent.ng/category/views/blog/page/4/?filter_by=popular
Nigeria	Independent	Blogs | Page 7 of 239	https://independent.ng/category/blog/page/7/?nonamp=1%2F
Nigeria	Independent	Page 357 – Breaking News from Nigeria and the World	https://independent.ng/page/357/?nonamp=1%2F
Nigeria	Independent	Ajala Travel: Nigerian globetrotter who saw the world but ...	https://blog.independent.ng/index.php/2021/10/24/ajala-travel-nigerian-globetrotter-who-saw-the-world-but-died-at-home-in-poverty/
Nigeria	Independent	Blogs – Page 14	https://independent.ng/category/views/blog/page/14/?filter_by=popular7
Nigeria	Independent	Views – Page 22	https://independent.ng/category/views/page/22/?amp
Nigeria	Independent	Admin2 – Page 2	https://independent.ng/author/abiodun/page/2/
Nigeria	Independent	Blogs – Page 2	https://independent.ng/category/blog/page/2/?nonamp=1
Nigeria	Independent	Page 296 – Breaking News from Nigeria and the World	https://independent.ng/page/296/?nonamp=1%2F
Nigeria	Independent	Blogs – Page 3	https://independent.ng/category/views/blog/page/3/?nonamp=1%2F
Nigeria	Independent	Views – Page 7	https://independent.ng/category/views/page/7/?filter_by=popular7
Nigeria	Independent	Blogs – Page 2	https://independent.ng/category/blog/page/2/?filter_by=featured
Nigeria	Independent	Views – Page 15	https://independent.ng/category/views/page/15/
Nigeria	Independent	Admin2 – Page 13	https://independent.ng/author/abiodun/page/13/?nonamp=1%2F
Nigeria	Independent	Views – Page 49	https://independent.ng/category/views/page/49/?nonamp=1
Nigeria	Independent	Blogs – Page 12	https://independent.ng/category/blog/page/12/?filter_by=popular
Nigeria	Independent	Blogs – Page 16	https://independent.ng/category/blog/page/16/
Nigeria	Independent	Our Correspondents – Page 49	https://independent.ng/author/correspondents/page/49/?nonamp=1
Nigeria	Independent	Blogs – Page 16	https://independent.ng/category/views/blog/page/16/?filter_by=random_posts
Nigeria	Independent	Page 248 – Breaking News from Nigeria and the World	https://independent.ng/page/248/?c=128&a=30251
Nigeria	Independent	Page 567 – Breaking News from Nigeria and the World	https://independent.ng/page/567/
Nigeria	Independent	Views – Page 46	https://independent.ng/category/views/page/46/?filter_by=popular
Nigeria	Independent	posts – Page 6 – Independent Newspaper Nigeria	https://independent.ng/posts/page/6/
Nigeria	Leadership	Xi Ya Amsa Wasikar Da Wata Yarinya Yar Bangladesh Ta ...	https://hausa.leadership.ng/xi-ya-amsa-wasikar-da-wata-yarinya-yar-bangladesh-ta-rubuta-masa/
Nigeria	NigerianObserver	Foot Prints: The History Of Africa	https://nigerianobservernews.com/2017/10/foot-prints-the-history-of-africa/
Nigeria	PremiumTimes	Ajala Travel: Nigerian globetrotter who saw the world but ...	https://www.premiumtimesng.com/news/more-news/491403-ajala-travel-nigerian-globetrotter-who-saw-the-world-but-died-at-home-in-poverty.html
Nigeria	Pulse	The rise, fall, and comeback of the Chinese economy over ...	https://www.pulse.ng/bi/finance/finance-the-rise-fall-and-comeback-of-the-chinese-economy-over-the-past-800-years/7gt7qr4
Nigeria	TheTide	(Over-The-Counter) african american weight loss pills ...	https://www.thetidenewsonline.com/2015/08/11/over-the-counter-african-american-weight-loss-pills-bikini-body-weight-loss-pills-best-water-pill-weight-lose/
Nigeria	TheTide	Questions About Can Weight Loss Pills Cause Low Heart ...	http://www.thetidenewsonline.com/2010/05/28/questions-about-can-weight-loss-pills-cause-low-heart-rate/
Nigeria	TheTide	Weight Loss Pills Appetite Suppressant best diet pill to help ...	http://www.thetidenewsonline.com/2015/09/09/weight-loss-pills-appetite-suppressant-best-diet-pill-to-help-lose-weight-fast-weight-loss-pills-in-singapore/
Nigeria	TheTide	(Free Trial) safe weight loss pills in south africa diet ...	https://www.thetidenewsonline.com/2015/09/07/free-trial-safe-weight-loss-pills-in-south-africa-diet-loss-pill-top-weight-weight-loss-supplements-malaysia/
Nigeria	ThisDay	Chinese Navy Visits Nigeria in the Fleet of Cooperation ...	https://www.thisdaylive.com/index.php/2023/07/11/chinese-navy-visits-nigeria-in-the-fleet-of-cooperation-peace-and-friendship?amp=1
Nigeria	ThisDay	The Belt and Road: New Opportunities for China-Nigeria ...	https://www.thisdaylive.com/index.php/2017/12/17/the-belt-and-road-new-opportunities-for-china-nigeria-cooperation
Nigeria	ThisDay	Heather Li, a Chinese in Love with Africa	https://www.thisdaylive.com/index.php/2019/06/07/heather-li-a-chinese-in-love-with-africa
Nigeria	Trust	China vows to boost Africa ties	https://dailytrust.com/china-vows-to-boost-africa-ties/
Nigeria	Vanguard	Chinese Navy visits Nigeria in the fleet of cooperation ...	https://www.vanguardngr.com/2023/07/chinese-navy-visits-nigeria-in-the-fleet-of-cooperation-peace-and-friendship/
Nigeria	Vanguard	The Belt, Road: New Opportunities for China-Nigeria ...	https://www.vanguardngr.com/2017/03/belt-road-new-opportunities-china-nigeria-cooperation/
Nigeria	Vanguard	China and the re-colonisation of Africa	https://www.vanguardngr.com/2018/09/china-and-the-re-colonisation-of-africa/
Nigeria	Vanguard	China's President Xi vows to 'intensify' ties with Africa	https://www.vanguardngr.com/2013/03/chinas-president-xi-vows-to-intensify-ties-with-africa/
Nigeria	Vanguard	July 2023 - Page 152 of 259	https://www.vanguardngr.com/2023/07/page/152/
Nigeria	Vanguard	2023 - Page 434 of 1534	https://www.vanguardngr.com/2023/0/page/434/?posts_per_page=28
Nigeria	Vanguard	News Archives - Page 555 of 20040	https://www.vanguardngr.com/category/national-news/page/555/?posts_per_page=23
Nigeria	Vanguard	2023 - Page 128 of 1227	https://www.vanguardngr.com/2023/page/128/?posts_per_page=28
Nigeria	Vanguard	July 2023 - Page 125 of 213	https://www.vanguardngr.com/2023/07/page/125/?posts_per_page=23
Nigeria	Vanguard	News Archives - Page 712 of 25627	https://www.vanguardngr.com/category/style/allure/national-news/page/712/?posts_per_page=18
Rwanda	IGIHE	Ten Years of the Belt and Road Cooperation Promotes a ...	https://en.igihe.com/opinion/article/ten-years-of-the-belt-and-road-cooperation-promotes-a-global-community-of
Rwanda	KTPress	Ten Years of the Belt and Road Cooperation Promotes a ...	https://www.ktpress.rw/2023/10/ten-years-of-the-belt-and-road-cooperation-promotes-a-global-community-of-shared-future/
Rwanda	KTPress	A Trip of Tradition, A Commitment to Cooperation	https://www.ktpress.rw/2022/01/a-trip-of-tradition-a-commitment-to-cooperation/
Senegal	ActuSen	XI JINPING, L'AFRIQUE ET L'HISTOIRE	https://actusen.sn/xi-jinping-lafrique-et-lhistoire/
Senegal	Dakaractu	XI JINPING, L'AFRIQUE ET L'HISTOIRE.	https://www.dakaractu.com/XI-JINPING-L-AFRIQUE-ET-L-HISTOIRE_a154976.html
Senegal	LeQuotidien	Le Focac : vingt ans de coopération Chine-Afrique	https://lequotidien.sn/le-focac-vingt-ans-de-cooperation-chine-afrique/
Senegal	Senegal7	Le Focac, vingt-ans de coopération Chine-Afrique (Par ...	https://senegal7.com/le-focac-vingt-ans-de-cooperation-chine-afrique/
Senegal	Senego	Chine-Afrique: Le long compagnonnage, Par Babou SAKHO	https://senego.com/chine-afrique-le-long-compagnonnage-par-babou-sakho_306007.html
Senegal	SeneNews	Les artistes autrichiens s'invitent au Grand Thé??tre de Dakar	https://www.senenews.com/art-de-vivre/culture/spectacle-les-artistes-autrichiens-sinvitent-au-grand-theatre-de-dakar_111527.html
Senegal	SenePlus	la chine, le premier contact extérieur avec l'afrique	https://www.seneplus.com/opinions/la-chine-le-premier-contact-exterieur-avec-lafrique
Senegal	SenePlus	LE FOCAC , VINGT ANS DE COOPERATION CHINE- ...	https://www.seneplus.com/opinions/le-focac-vingt-ans-de-cooperation-chine-afrique
Senegal	SenePlus	XI JINPING, L'AFRIQUE ET L'HISTOIRE	https://www.seneplus.com/politique/xi-jinping-lafrique-et-lhistoire
Senegal	SenePlus	l'affaire isja ou le sympt??me d'une absence d'indépendance	https://www.seneplus.com/node?page=4583&page%5Cu003d5752=
Senegal	SenePlus	mamadou niang, directeur sportif de l'athletico de marseille	https://www.seneplus.com/node?page=4443&page%5Cu003d2326=
Senegal	SenePlus	la une de sud quotidien de ce mercredi	https://www.seneplus.com/node?page=6206&page%5Cu003d2326=
Senegal	SenePlus	apparition d'une maladie mysterieuse à thiaroye	https://www.seneplus.com/node?page=3005
Senegal	SenePlus	faire taire ceux qui posent les problèmes	https://www.seneplus.com/node?page=3224&page%5Cu003d2326=
Senegal	SenePlus	macky sall annonce la creation d'un conseil national pour l' ...	https://www.seneplus.com/node?page=3199&page%5Cu003d5752=
Senegal	SenePlus	une reprise économique ''plus soutenue que prévu''	https://www.seneplus.com/node?page=3014
Senegal	SeneWeb	Les Chinois en Afrique avant les Européens ?	https://www.seneweb.com/news/Afrique/les-chinois-en-afrique-avant-les-europeens_n_36508.html
Senegal	SeneWeb	Les artistes autrichiens s'invitent au Grand Thé??tre de Dakar	https://www.seneweb.com/news/Culture/spectacle-les-artistes-autrichiens-s-rsq_n_147203.html
Senegal	Setal	Le Grand Thé??tre National présente un spectacle de ...	https://www.setal.net/Le-Grand-Theatre-National-presente-un-spectacle-de-marionnettes_a35193.html
Senegal	Xalimasn.com	Le Focac, vingt-ans de coopération Chine-Afrique (Par ...	https://www.xalimasn.com/le-focac-vingt-ans-de-cooperation-chine-afrique-par-aissata-tall-sall/
Seychelles	SeychellesNation	The 32nd New Year visit to Africa by Chinese Foreign ...	https://www.nation.sc/articles/12121/the-32nd-new-year-visit-to-africa-by-chinese-foreign-minister
Sierra Leone	Calabash	Zheng He Archives	https://thecalabashnewspaper.com/tag/zheng-he/
Sierra Leone	Calabash	Two-Day High Level Symposium on China-Africa Relations ...	https://thecalabashnewspaper.com/two-day-high-level-symposium-on-china-africa-relations-ends/
Sierra Leone	Calabash	On a Trip of Tradition, a Commitment to Cooperation ...	https://thecalabashnewspaper.com/on-a-trip-of-tradition-a-commitment-to-cooperation-chinese-foreign-minister-on-32nd-new-year-visit-to-africa/
Somalia	Caasimada	Xiriirka Shiinaha iyo Somalia iyo ififaalaha mustaqbalka	https://www.caasimada.net/xiriirka-shiinaha-iyo-somalia-iyo-ififaalaha-mustaqbalka/
Somalia	HiiraanOnline	Distance, time no barrier to China-Somalia ties	https://www.hiiraan.com/op4/2021/nov/184438/distance_time_no_barrier_to_china_somalia_ties.aspx
Somalia	HiiraanOnline	China and Somalia enjoy a long history of friendship.	https://www.hiiraan.com/news4/2018/Aug/159817/china_and_somalia_enjoy_a_long_history_of_friendship.aspx
Somalia	HiiraanOnline	In Support of Ambassador Fei Chengchao's Article	https://www.hiiraan.com/op4/2021/nov/184503/in_support_of_ambassador_fei_chengchao_s_article.aspx
Somalia	HiiraanOnline	Ambassador Jian: China firmly supports peace and ...	https://www.hiiraan.com/news4/2019/apr/163373/ambassador_jian_china_firmly_supports_peace_and_development_in_somalia.aspx
Somalia	HiiraanOnline	Somalia's new China envoy sweeps away the cobwebs	https://www.hiiraan.com/news/2006/jun/somali_news13_5.aspx
Somalia	HiiraanOnline	More than piracy drives naval buildup	https://www.hiiraan.com/news4/2010/Oct/16421/more_than_piracy_drives_naval_buildup.aspx
Somalia	HiiraanOnline	Somalia expects more Chinese investment and exchanges	https://www.hiiraan.com/news4/2019/Apr/163474/somalia_expects_more_chinese_investment_and_exchanges.aspx
Somalia	HiiraanOnline	Djibouti's debt-defying stunt: Taking China's money without ...	https://www.hiiraan.com/news4/2019/July/164773/djibouti_s_debt_defying_stunt_taking_china_s_money_without_accepting_china_s_control.aspx
Somalia	PuntlandPost	China-Somalia Friendship as Vibrant as 61 Years ago ...	https://puntlandpost.net/2021/12/16/china-somalia-friendship-as-vibrant-as-61-years-ago-opening-new-horizons-for-a-brighter-future/
Somalia	RadioMogadishu	Jointly Championing a New Chapter of China-Somalia ...	https://radiomuqdisho.so/jointly-championing-a-new-chapter-of-china-somalia-friendship/
Somalia	RadioMogadishu	Danjire Cawaale Cali Kullane oo ka qeyb galay kulan ...	https://radiomuqdisho.so/danjire-cawaale-cali-kullane-oo-ka-qeyb-galay-kulan-looga-hadlayay-xiriirka-shiinaha-iyo-carabta/
Somalia	WardheerNews	China-Africa ties and the China-Africa Cooperation Forum	https://wardheernews.com/china-africa-ties-and-the-china-africa-cooperation-forum/
South Africa	BusinessDay	ENTER THE DRAGON: The rise of the Chinese renminbi	https://www.businesslive.co.za/archive/2015-02-26-enter-the-dragon-the-rise-of-the-chinese-renminbi/
South Africa	BusinessDay	China helps recast Africa in global economy	https://www.businesslive.co.za/bd/opinion/2012-11-07-china-helps-recast-africa-in-global-economy/
South Africa	CapeTimes	Chinese market opens up to Rooibos	https://www.iol.co.za/capetimes/news/chinese-market-opens-up-to-rooibos-10793802
South Africa	Citizen	Life sentences for murderers | South Coast Herald	https://www.citizen.co.za/south-coast-herald/news-headlines/2013/11/01/life-sentences-for-murderersl/
South Africa	EngineeringNews	The Alhambra and the New World	https://www.engineeringnews.co.za/print-version/the-alhambra-and-the-new-world-2015-10-09
South Africa	IndependentOnline(IOL)	China showcases nautical hero Zheng He	https://www.iol.co.za/technology/china-showcases-nautical-hero-zheng-he-258041
South Africa	IndependentOnline(IOL)	China & Africa's long history	https://www.iol.co.za/business-report/opinion/china-and-africas-long-history-1954067
South Africa	IndependentOnline(IOL)	Old map shows China beat Columbus to it	https://www.iol.co.za/technology/old-map-shows-china-beat-columbus-to-it-263723
South Africa	IndependentOnline(IOL)	Kenyan divers join search for Chinese wreck	https://www.iol.co.za/technology/kenyan-divers-join-search-for-chinese-wreck-477565
South Africa	IndependentOnline(IOL)	South Africa Slow in Taking Advantage of China's Belt and ...	https://www.iol.co.za/sport/cricket/opinion/south-africa-slow-in-taking-advantage-of-chinas-belt-and-road-initiative-bri-487d87d8-c120-48f8-bafc-ce74e8501ccf
South Africa	IndependentOnline(IOL)	Chinese got there first, says maritime sleuth	https://www.iol.co.za/news/chinese-got-there-first-says-maritime-sleuth-83458
South Africa	IndependentOnline(IOL)	On this day in history, July 11	https://www.iol.co.za/the-star/news/on-this-day-in-history-july-11-6771d68d-a191-4f66-a5be-5b98cc001db2
South Africa	IndependentOnline(IOL)	Chinese tourists flock to adventurous Africa	https://www.iol.co.za/travel/chinese-tourists-flock-to-adventurous-africa-876837
South Africa	IndependentOnline(IOL)	China's Global Cultural Development ...	https://www.iol.co.za/mercury/news/chinas-global-cultural-development-global-development-and-global-security-initiatives-and-global-challenges-faced-by-africa-and-south-africa-9e291beb-a97f-4635-bddf-b9df79159ffa
South Africa	IndependentOnline(IOL)	Chinese President Xi Jinping meets Kenyan ...	https://www.iol.co.za/news/world/chinese-president-xi-jinping-meets-kenyan-president-william-ruto-in-beijing-c915896d-baad-4649-ae54-3a86bf9e5e16
South Africa	IndependentOnline(IOL)	Belt and Road Initiative: A road of peace for the new era	https://www.iol.co.za/the-star/partnered/belt-and-road-initiative-a-road-of-peace-for-the-new-era-5a422f03-ef8c-4326-a4a6-7c0865bcbe12
South Africa	IndependentOnline(IOL)	Zuma call China anti-colonial force	https://www.iol.co.za/news/politics/zuma-call-china-anti-colonial-force-1791561
South Africa	IndependentOnline(IOL)	Seeds of Chinese Dream lie in its past	https://www.iol.co.za/sundayindependent/news/seeds-of-chinese-dream-lie-in-its-past-1890758
South Africa	IndependentOnline(IOL)	China to 'intensify' ties with Africa	https://www.iol.co.za/news/africa/china-to-intensify-ties-with-africa-1491579
South Africa	IndependentOnline(IOL)	Good manners secure victory in this game...	https://www.iol.co.za/news/eish/good-manners-secure-victory-in-this-game-269742
South Africa	IndependentOnline(IOL)	A trip of tradition, a commitment to co-operation	https://www.iol.co.za/news/opinion/a-trip-of-tradition-a-commitment-to-co-operation-ef8ee814-ac20-4991-8b6b-c1f4f0f1339b
South Africa	IndependentOnline(IOL)	Chinese market opens up to Rooibos	https://www.iol.co.za/capetimes/news/chinese-market-opens-up-to-rooibos-10793802
South Africa	IndependentOnline(IOL)	Our Partnership in BRICS is the perfect recipe for ...	https://www.iol.co.za/opinion/our-partnership-in-brics-is-the-perfect-recipe-for-our-growth-trajectory-2076a630-8766-5295-b8e6-e67af2e513ce
South Africa	IndependentOnline(IOL)	Kenyatta gets rousing welcome in China	https://www.iol.co.za/news/africa/kenyatta-gets-rousing-welcome-in-china-1564711
South Africa	Mail&Guardian	China and Mzansi: An art of equals	https://mg.co.za/article/2013-02-01-00-china-and-mzansi-an-art-of-equals/
South Africa	Mail&Guardian	Zheng He Archives	https://mg.co.za/tag/zheng-he/
South Africa	Mail&Guardian	Xi: 'China's approach to Africa is different from the West'	https://mg.co.za/article/2013-03-24-xi-chinas-approach-to-africa-is-different-from-the-west/
South Africa	Mail&Guardian	Xi trip highlights China's Africa influence	https://mg.co.za/article/2013-03-21-xi-trip-highlights-chinas-africa-influence/
South Africa	Mail&Guardian	Zuma: China can free Africa from 'colonial shackles'	https://mg.co.za/article/2014-12-05-zuma-china-will-free-africa-from-colonial-shackles/
South Africa	Mail&Guardian	Far from home, Chinese investors find rewards	https://mg.co.za/article/2011-02-14-far-from-home-chinese-investors-find-rewards/
South Africa	Mail&Guardian	Piracy not the only game in Indian Ocean naval build-up	https://mg.co.za/article/2010-10-12-piracy-not-the-only-game-in-indian-ocean-naval-buildup/
South Africa	Maverick	China's influence and expansion: lessons from history	https://www.dailymaverick.co.za/article/2023-04-10-chinas-influence-and-expansion-lessons-from-history/
South Africa	Maverick	The Belt and Road Initiative: Committed to three 'togethers' ...	https://www.dailymaverick.co.za/article/2018-12-14-the-belt-and-road-initiative-committed-to-three-togethers-for-five-connectivities-and-win-win-development/
South Africa	Maverick	This is the way the world (as we know it) ends – not with a ...	https://www.dailymaverick.co.za/article/2019-10-21-this-is-the-way-the-world-as-we-know-it-ends-not-with-a-bang-but-a-whimper/
South Africa	Maverick	Bright future for Kenya as it consolidates its powerhouse ...	https://www.dailymaverick.co.za/opinionista/2023-07-06-everything-keeps-going-right-for-kenya-as-it-consolidates-its-powerhouse-status/
South Africa	Maverick	Of Giraffes and Humming in the AfroAsian Seas: Ari Sitas in ...	https://www.dailymaverick.co.za/article/2021-10-25-of-giraffes-and-humming-in-the-afroasian-seas-ari-sitas-in-conversation-with-jade-gibson/
South Africa	Mercury	China's Global Cultural Development ...	https://www.iol.co.za/mercury/news/chinas-global-cultural-development-global-development-and-global-security-initiatives-and-global-challenges-faced-by-africa-and-south-africa-9e291beb-a97f-4635-bddf-b9df79159ffa
South Africa	PoliticsWeb	China`s economic relationship with South Africa - OPINION	https://www.politicsweb.co.za/opinion/chinas-economic-relationship-with-south-africa
South Africa	Polity	Confucius who?	https://www.polity.org.za/print-version/confucius-who-2014-01-13
South Africa	Star	On this day in history, July 11	https://www.iol.co.za/the-star/news/on-this-day-in-history-july-11-6771d68d-a191-4f66-a5be-5b98cc001db2
South Africa	Star	Belt and Road Initiative: A road of peace for the new era	https://www.iol.co.za/the-star/partnered/belt-and-road-initiative-a-road-of-peace-for-the-new-era-5a422f03-ef8c-4326-a4a6-7c0865bcbe12
South Africa	Times	Maritime Spot: The boom at noon	https://www.timeslive.co.za/sunday-times/lifestyle/2013-10-27-maritime-spot-the-boom-at-noon-/
South Africa	Times	7 reasons to cruise to Mozambique's exotic Ilha island	https://www.timeslive.co.za/sunday-times/lifestyle/travel/2017-04-16-7-reasons-to-cruise-to-mozambiques-exotic-ilha-island/
South Sudan	Pachodo	China looks to recreate ancient Silk Road with network of ...	https://pachodo.org/latest-news-articles/news-from-various-sources/28979-china-looks-to-recreate-ancient-silk-road-with-network-of-african-ports
Sudan	AlBawaba	exotic, innovative, exemplary…the zheng he's cookbook is ...	https://www.albawaba.com/news/exotic-innovative-exemplary%E2%80%A6-zheng-he%E2%80%99s-cookbook-launched
Sudan	AlBawaba	Dubai celebrates the Year of the Horse this 2014	https://www.albawaba.com/entertainment/chinese-new-year-550462
Sudan	AlBawaba	1000 Years of Knowledge Rediscovered at Ibn Battuta Mall	https://www.albawaba.com/news/1000-years-knowledge-rediscovered-ibn-battuta-mall
Sudan	AlBawaba	How Do You Say Allah in Chinese?	https://www.albawaba.com/editors-choice/how-do-you-say-allah-chinese-1307791
Sudan	AlBawaba	Marcus Santoro on Dubai's First BAO Music Festival	https://www.albawaba.com/entertainment/interview-marcus-santoro-dubai%E2%80%99s-first-bao-music-festival-1215572
Sudan	AlBawaba	MTE Studios collaborates with Al Aghar Group for World Expo	https://www.albawaba.com/news/mte-studios-collaborates-al-aghar-group-world-expo-0
Tanzania	Citizen	What do I have against Tanzania? Nothing; just stating the facts	https://www.thecitizen.co.tz/tanzania/oped/-what-do-i-have-against-tanzania-nothing-just-stating-the-facts-3243974
Tanzania	Citizen	Sino-Africa dialogue fuels dreams of a shared post-Covid future	https://www.thecitizen.co.tz/tanzania/oped/sino-africa-dialogue-fuels-dreams-of-a-shared-post-covid-future-4236366
Tanzania	Citizen	Sino-TZ ties acquire strategic depth | The Citizen	https://www.thecitizen.co.tz/tanzania/magazines/sino-tz-ties-acquire-strategic-depth-2562604
Tanzania	Citizen	A trip of tradition and China's commitment to cooperation	https://www.thecitizen.co.tz/tanzania/magazines/political-reforms/a-trip-of-tradition-and-china-s-commitment-to-cooperation-3679904
Tanzania	Citizen	What Samia's historic visit to India means | The Citizen	https://www.thecitizen.co.tz/tanzania/news/national/what-samia-s-historic-visit-to-india-means--4393726
Tanzania	IPPMedia	How China's first 'silk road' slowly came to life – on the water	https://www.ippmedia.com/en/features/how-china%E2%80%99s-first-%E2%80%98silk-road%E2%80%99-slowly-came-life-%E2%80%93-water
Tanzania	IPPMedia	Xi replies to letter from Bangladeshi child Alifa Chin	https://www.ippmedia.com/en/features/xi-replies-letter-bangladeshi-child-alifa-chin
Tanzania	IPPMedia	China's marine economy GDP exceeds 9 trillion yuan	https://www.ippmedia.com/en/features/chinas-marine-economy-gdp-exceeds-9-trillion-yuan
Tanzania	IPPMedia	Armed with award-winning app, Kenyan tribe fights forced ...	https://www.ippmedia.com/en/armed-award-winning-app-kenyan-tribe-fights-forced-evictions
Tanzania	Mwanaspoti	Xi's changing priorities slow Ruto's quest for transboundary ...	https://www.mwanaspoti.co.tz/africa/news/xi-s-changing-priorities-slow-ruto-s-quest-transboundary-sgr--4411848
Tunisia	BusinessNews	Rached Ghannouchi passe la soirée sur un destroyer chinois	https://www.businessnews.com.tn/Rached-Ghannouchi-passe-la-soir%E9e-sur-un-destroyer-chinois,520,77432,3
Tunisia	LeMaghreb	?????? ?????? ???????? ????????????: ???????????? "???????????? ??????????????"...???????????? ?????????? ...	https://ar.lemaghreb.tn/%D9%85%D9%82%D8%A7%D9%84%D8%A7%D8%AA-%D8%A7%D9%84%D9%85%D8%BA%D8%B1%D8%A8/item/82549-%D8%B9%D9%84%D9%89-%D8%AE%D8%B7%D9%89-%D8%B7%D8%B1%D9%8A%D9%82-%D8%A7%D9%84%D8%AD%D8%B1%D9%8A%D8%B1-%D9%85%D8%A8%D8%A7%D8%AF%D8%B1%D8%A9-%D8%A7%D9%84%D8%AD%D8%B2%D8%A7%D9%85-%D9%88%D8%A7%D9%84%D8%B7%D8%B1%D9%8A%D9%82-%D8%AA%D8%AD%D8%AF%D9%8A%D8%A7%D8%AA-%D8%B9%D8%AF%D9%8A%D8%AF%D8%A9-%D9%88%D8%A3%D8%AD%D9%84%D8%A7%D9%85-%D9%88%D8%A7%D8%B9%D8%AF%D8%A9-%D9%88%D8%AA%D9%88%D9%82-%D9%84%D9%84%D9%86%D9%85%D9%88
Uganda	Bukedde	Socio-economic transformation and the Chinese ideology ...	https://www.bukedde.co.ug/world/100786/socio-economic-transformation-and-the-chinese
Uganda	NewVision	Socio-economic transformation and the Chinese ideology ...	https://www.newvision.co.ug/category/blogs/socio-economic-transformation-and-the-chinese-100786
Uganda	NewVision	Debate Mabira! - New Vision Official	https://www.newvision.co.ug/news/1134711/debate-mabira
Uganda	WeeklyObserver	China's economic invasion of Africa	https://www.observer.ug/component/content/article?id=12070:chinas-economic-invasion-of-africa-
Zambia	LusakaTimes(LT)	Zambia-China, An intricate Relationship	https://www.lusakatimes.com/2018/09/16/zambia-china-an-intricate-relationship/
Zambia	LusakaTimes(LT)	Sumaili is wrong – Let the Nyami Nyami be consulted too!!	https://www.lusakatimes.com/2019/10/18/sumaili-is-wrong-let-the-nyami-nyami-be-consulted-too/
Zambia	LusakaTimes(LT)	Columns - LusakaTimes.com %	https://www.lusakatimes.com/page/204/?cat=15&lang=de&gltr_redir=http%3A%1434F%1434Ftranslate.google.com%1434Ftranslate%3Fhl%3Den%14346sl%3Den%14346tl%3Dde%14346u%3Dhttp%143453A%143451434F%143451434Fwww.lusakatimes.com%143451434F%143453Fcat%143453D15&amp
Zambia	LusakaTimes(LT)	Columns - LusakaTimes.com %	https://www.lusakatimes.com/zambiancolumn/page/204/
Zambia	LusakaTimes(LT)	Zambia : Keeping You Informed | Page 1752	https://www.lusakatimes.com/page/1752/?p=l
Zambia	ZambiaDailyMail	Belt and Road adds new momentum to China-Africa ...	http://www.daily-mail.co.zm/belt-and-road-adds-new-momentum-to-china-africa-cooperation/
Zimbabwe	Bulawayo24	Madinat Jumeirah: Dubai's Stunning Four Hotel Beach ...	https://bulawayo24.com/apo/?pr=208317&lang=en
Zimbabwe	BusinessWeekly	Industries	https://www.businessweekly.co.zw/category/top-global-news/industries/page/2/?pr=187874&lang=en
Zimbabwe	Chronicle	China welcomes President Kenyatta	https://www.chronicle.co.zw/china-welcomes-president-kenyatta/
Zimbabwe	Chronicle	Hon Musaka Byton Mike (8)	https://www.chronicle.co.zw/hon-musaka-byton-mike-8/?pr=187874&lang=en
Zimbabwe	Chronicle	Opinion & Analysis | The Chronicle	https://www.chronicle.co.zw/category/s6-demo-section/c39-opinion-a-analysis/page/2/?pr=208317&lang=en
Zimbabwe	Herald	China's long history in Africa	https://www.herald.co.zw/chinas-long-history-in-africa/
Zimbabwe	Herald	China: From the Treasure Fleet to One Belt, One Road	https://www.herald.co.zw/china-from-the-treasure-fleet-to-one-belt-one-road/
Zimbabwe	Herald	Xi Jinping meets Kenyan president in Beijing	https://www.herald.co.zw/xi-jinping-meets-kenyan-president-in-beijing/
Zimbabwe	Herald	History and Evolution of the Enterprise in Zimbabwe ...	https://www.herald.co.zw/history-and-evolution-of-the-enterprise-in-zimbabwe-and-southern-africa/
Zimbabwe	Herald	China, Africa to avoid falling into zero-sum trap - Harare	https://www.herald.co.zw/china-africa-to-avoid-falling-into-zero-sum-trap/
Zimbabwe	Herald	Inside China's 'new normal'	https://www.herald.co.zw/inside-chinas-new-normal/
Zimbabwe	Herald	Belt and Road adds new momentum to China-Africa ...	https://www.herald.co.zw/belt-and-road-adds-new-momentum-to-china-africa-cooperation/
Zimbabwe	Herald	Viewing bilateral ties from Africa's perspective	https://www.herald.co.zw/viewing-bilateral-ties-from-africas-perspective/
Zimbabwe	Herald	More diamonds in Kono	https://www.herald.co.zw/more-diamonds-in-kono/
Zimbabwe	Herald	Goodluck Jonathan's campaign manager held for graft	https://www.herald.co.zw/goodluck-jonathans-campaign-manager-held-for-graft/
Zimbabwe	HMetro	Milan	https://www.hmetro.co.zw/tag/milan/?pr=187874&lang=en
Zimbabwe	Kwayedzad	Bepanhau ReVanhu	https://www.kwayedza.co.zw/page/5/?pr=187874&lang=en
Zimbabwe	Patriot	China and Africa have long history of trade	https://www.thepatriot.co.zw/old_posts/china-and-africa-have-long-history-of-trade/
Zimbabwe	Patriot	Part 10…as Portuguese evangelists milk Africa dry	https://www.thepatriot.co.zw/old_posts/religion-and-colonisation-part-10-as-portuguese-evangelists-milk-africa-dry/
Zimbabwe	SundayMail	China, Africa's true friend	https://www.sundaymail.co.zw/china-africas-true-friend
Zimbabwe	SundayMail	The Sunday Mail | The Leading Family Newspaper ...	https://www.sundaymail.co.zw/?option=com_content&view=article&id=?pr=187874&lang=en
Zimbabwe	Sundaynews	Shumba complex (6)	https://www.sundaynews.co.zw/shumba-complex-6/?pr=187874&lang=en
Zimbabwe	ZimbabweSituation	Zimbabwe's autocratic leader Mugabe expected ...	https://www.zimbabwesituation.com/old/jul1_2007.html
Zimbabwe	ZimbabweSituation	Zimbabwe opposition dismayed by Annan's withdrawal	https://www.zimbabwesituation.com/old/jul4a_2006.html
Zimbabwe	ZimbabweSituation	Ten Zimbabweans Die In Police Horror Crash	https://www.zimbabwesituation.com/old/dec22_2010.html
Zimbabwe	ZimEye	'The Chinese Will Never Bring Meaningful Investment To ...	https://www.zimeye.net/2018/10/01/the-chinese-will-never-bring-meaningful-investment-to-zim/
